{
  "users": [
    {
      "id": "6281316643491@s.whatsapp.net",
      "ip": "89.144.42.63",
      "username": "ehanz",
      "nama_lengkap": "Raihan Fadillah",
      "email": "ehanzdhoanx@gmail.com",
      "password": "Pepsodent",
      "saldo": 10000,
      "created_at": "2025-03-17T15:34:47.304Z",
      "post": [],
      "friends": [
        "6287711376138@s.whatsapp.net"
      ],
      "sentRequests": []
    },
    {
      "id": "6289673462138@s.whatsapp.net",
      "ip": "89.144.42.63",
      "username": "kayzumd",
      "nama_lengkap": "Kayzu Ramadhan",
      "email": "kayzuhosting@gmail.com",
      "password": "tikus berdas",
      "saldo": 10000,
      "created_at": "2025-03-17T16:19:33.996Z",
      "post": []
    },
    {
      "id": "6287711376138@s.whatsapp.net",
      "ip": "89.144.42.63",
      "username": "Vy",
      "nama_lengkap": "Vy Cukurukuk",
      "email": "vytod@gmail.com",
      "password": "nyengir",
      "saldo": 10000,
      "created_at": "2025-03-17T16:48:35.578Z",
      "post": [],
      "friendRequests": [],
      "friends": [
        "6281316643491@s.whatsapp.net"
      ]
    },
    {
      "id": "66639418357@s.whatsapp.net",
      "ip": "89.144.42.63",
      "username": "Apel",
      "nama_lengkap": "Fel Mo moito",
      "email": "zxybotzbotzgmail.com",
      "password": "FelVaro",
      "saldo": 10000,
      "created_at": "2025-03-17T16:50:29.556Z",
      "post": []
    }
  ]
}