{
  "1737937344093": {
    "id": 1737937344093,
    "dari": "6283151447570@s.whatsapp.net",
    "nama": "ika",
    "penerima": "6283166593428@s.whatsapp.net",
    "pesan": "haloo moga lebih bahagia lagi yaa",
    "mediaUrl": "",
    "mime": "",
    "balasan": "",
    "status": true
  },
  "1737938521927": {
    "id": 1737938521927,
    "dari": "628812247676@s.whatsapp.net",
    "nama": " who has liked you for a long time",
    "penerima": "6285189134839@s.whatsapp.net",
    "pesan": " aku suka kamu dari pertama akrab sama kamu,kamu mau jadi pacar aku enggak? kita satu sekolah loh",
    "mediaUrl": "",
    "mime": "",
    "balasan": "terus? gw peduli?, sorry dh punya pacar ga minat",
    "status": true
  },
  "1737938931741": {
    "id": 1737938931741,
    "dari": "628812247676@s.whatsapp.net",
    "nama": " who has liked you for a long time",
    "penerima": "6285189134839@s.whatsapp.net",
    "pesan": " kita akrab dari lama,tapi kamu jadian sama orang lain ga enak tau 😕",
    "mediaUrl": "",
    "mime": "",
    "balasan": "terus kalo akrab harus jadian?",
    "status": true
  },
  "1737939627391": {
    "id": 1737939627391,
    "dari": "628812247676@s.whatsapp.net",
    "nama": " I admire you",
    "penerima": "6285189134839@s.whatsapp.net",
    "pesan": " tapikan kamu akrab sama aku bahkan aku minta tolong aja kamu nanggepin terus sampai sekarang,asal kamu tau ya,cewe kamu emang bisa apa si?",
    "mediaUrl": "",
    "mime": "",
    "balasan": "lah terus harus banget jadian kalo akrab?, apa salah nya menolong seseorang? selama perbuatan itu baik gapapa lah emang lu doang yang gw tolong, gausa tau pokoknya dia uda lebi dari yang gw mau dia banya bisa nya pokonya lu gausa tau.",
    "status": true
  },
  "1737940394302": {
    "id": 1737940394302,
    "dari": "628812247676@s.whatsapp.net",
    "nama": " I admire you",
    "penerima": "6285189134839@s.whatsapp.net",
    "pesan": " se gabisa apa\" itu ya? sampe gamau nyebutin wkwk,udahla mending biarin aja dia sama mantannya yang boti itu",
    "mediaUrl": "",
    "mime": "",
    "balasan": "wkwk emang kepo banget ya?, wkwk bukan gamau nyebutin cuma takut kalah saing lu nya 😹, wkwk gw gabakal ngebiarin cewe gw sama mantannya yang boti boti itu, dan gw gabakal sama kaya mantan dia najis, yauda si kalo lu suka gw, gw gapeduli kalo lu suka gw, gw cuma mau jalanin hubungan gw selamanya",
    "status": true
  },
  "1737940868984": {
    "id": 1737940868984,
    "dari": "628812247676@s.whatsapp.net",
    "nama": " I admire you",
    "penerima": "6285189134839@s.whatsapp.net",
    "pesan": " lu gapeduli kan? berarti kedepannya gapapa dong kalau gw teror hubungan lu terus,kan lu bilang gapapa,jadi ya terserah dong gw mau ngapain, lagian ngapain juga kalah saing? belum mulai aja gw udah menang, cewe lu ga seberapa cuy,dia cuma cewe friendly sana sini sama cowo lain mulu,lu liat kan? dia deket sama cowo kelas kain,bahkan dia aja seringnya sama si ikbal\" itu,emang lu ga cemburu? normalnya biasanya kan main sama circlean cewe lah ini malah jadi orang aneh",
    "mediaUrl": "",
    "mime": "",
    "balasan": "ya gapapa gapeduli, emang lu berkonstitusi dalam hubungan gw?, lagian kalo lu teror hubungan gw apa yang lu dapet ha? palingan dosa yang lu dapet, ya emang terserah lu gw papeduli pkoknya, oh iyeke astaga ngerinyo🙀, dulu emang friendly si tapi, pas sama gw dia berubah cuy, lah si Ikbal? boti? yaa cemburu si dikit tapi gapapa si lagian boti juga, lah dia juga sering sama circle cewe lu galiat ae, lu yang aneh, emang siapa lu?, emang kontribusi lu dalam hidup gw apaan",
    "status": true
  },
  "1737941780994": {
    "id": 1737941780994,
    "dari": "628812247676@s.whatsapp.net",
    "nama": " I admire you",
    "penerima": "6285189134839@s.whatsapp.net",
    "pesan": " oke\" kalo ga peduli,enggak juga si,cuma pengen liat aja hubungan abal\" lu yang nerima dia cuma mungkin karna kasian itu palingan beberapa bulan lagi udahan wkwk,berubah dimananya kocak ada\" aja lu,lucu deh,lu aja cemburu dia dideketin cowo lain masa lu diem aja si? iya tau boti tapikan diabergender,circle cewe? lu ga liat ya?dia dimana\" aja udah di jauhin tuh sama circle cwe buktinya dia kemana mana aja sama si ikbal,cuma ngingetin ya bre biasanya cwe kaya gituga bertahan lama,buktinya dia udah setaun setengah aja dia putusin si dani demi lu,apalagi lu yang baru bentaran mungkin udah di buang demi irang lain, semangat y jalani hubungan yang gada masa depannya itu 😻.",
    "mediaUrl": "",
    "mime": "",
    "balasan": "wkwk y semangat hancurin hubungan gw kalo bisa, gapeduli gw terserah lu mau ngapain, gw mau fokus aj sama hubungan gw",
    "status": true
  },
  "1737942510126": {
    "id": 1737942510126,
    "dari": "628812247676@s.whatsapp.net",
    "nama": " I admire you",
    "penerima": "6285189134839@s.whatsapp.net",
    "pesan": " oke, kalo ga percaya liat aja y kedepannya",
    "mediaUrl": "",
    "mime": "",
    "balasan": "y gw ae tau typing lu, jadi dh ketebak orang nya",
    "status": true
  },
  "1737942577020": {
    "id": 1737942577020,
    "dari": "628812247676@s.whatsapp.net",
    "nama": " I admire you",
    "penerima": "6285189134839@s.whatsapp.net",
    "pesan": " y siapa cb",
    "mediaUrl": "",
    "mime": "",
    "balasan": ".menu",
    "status": true
  },
  "1737943591209": {
    "id": 1737943591209,
    "dari": "628812247676@s.whatsapp.net",
    "nama": " I admire you",
    "penerima": "6285189134839@s.whatsapp.net",
    "pesan": " gj",
    "mediaUrl": "",
    "mime": "",
    "balasan": ".remini",
    "status": true
  },
  "1737944159131": {
    "id": 1737944159131,
    "dari": "628812247676@s.whatsapp.net",
    "nama": " I admire you",
    "penerima": "6285189134839@s.whatsapp.net",
    "pesan": "apasi lu ngapain kirimin pesan terus",
    "mediaUrl": "",
    "mime": "",
    "balasan": "lu kelas mana?",
    "status": true
  },
  "1737944743238": {
    "id": 1737944743238,
    "dari": "628812247676@s.whatsapp.net",
    "nama": " I admire you",
    "penerima": "6285189134839@s.whatsapp.net",
    "pesan": " kepo kocak",
    "mediaUrl": "",
    "mime": "",
    "balasan": "lah",
    "status": true
  },
  "1737944920914": {
    "id": 1737944920914,
    "dari": "628812247676@s.whatsapp.net",
    "nama": " I admire you",
    "penerima": "6285189134839@s.whatsapp.net",
    "pesan": " napa nanya?",
    "mediaUrl": "",
    "mime": "",
    "balasan": "hallawwwwwwwwwwwwwwwwwwww tayaaaanggggggggggggggg adaaaaaaaaaaaaaaaaaaaaaaaa kokkkkkkkkkkkkkkkkkkkk tayaaaaaaangggggggggggg, ishhhhhhhhhhhhhhhhhhh laluuuuuuuuuuuuuuuuuuuuu siapaaaaaaaaaaaaaaaaaaaaaaa yakkkkkkkkkkkkkkkkkk?, cobaaaaaaaaaaaaaaaaaaaaa kirimmmmmmmmmmmmmmmm linkkkkkkkkkkkkkkkk gruppppppnyaaaaaaaaaaaaaa",
    "status": true
  },
  "1737945251002": {
    "id": 1737945251002,
    "dari": "628812247676@s.whatsapp.net",
    "nama": " paussssss gedebrukkk kayangg saltoooo jempungk jempungk",
    "penerima": "6285189134839@s.whatsapp.net",
    "pesan": " tayaaaaangggggggggggg aaakuuuuuuuuuu cobaaaaaaa pakeeeee siiiii rangel ngentdf adaaaa tidaaaaa? :<, taaapiiiiiii kalaaaauuuuuuu aadaa yaang taaadiii chaattttttt dedeeeeee Bukaaa aaaakuuuuu",
    "mediaUrl": "",
    "mime": "",
    "balasan": ".brat orang gila",
    "status": true
  },
  "1737945379052": {
    "id": 1737945379052,
    "dari": "628812247676@s.whatsapp.net",
    "nama": " paauuussssssss gedebrukkk kayangg saltoooo jempungk jempungk",
    "penerima": "6285189134839@s.whatsapp.net",
    "pesan": " huwaaaaaaaaaaaaaaaaaaaaaaaaa emaaangggg anaaakkkkk anjAI, hummmmmm bentaaaaarrrrr tayaaaaangggggggggggg",
    "mediaUrl": "",
    "mime": "",
    "balasan": "HAHHHHHHHHHHHHHHHHHHHHHHHHH?, KOKKKKKKKKKKKKKKKKKK KIRIMMMMMMMMMMMMMMMM KEEEEEEEEEEE TAYAAAAAAANGGGGGGGGGGGGG?, ISHHHHHHHHHHHHHHHHHHHH MAUUUUUUUUUUUUUUUUUU BUATTTTTTTTTTTTTTTTTT STIKERRRRRRRRRRR PADAHALLLLLLLLLLLLLLLLLLLLLLLLLLLLLLLLLLLLLLLL, ISHHHHHHHHHHHHHHHHHHHH AKUUUUUUUUUU YANGGGGGGGGGGGGGGGGGG GILAAAAAAAAAAAAAAAAAAA MAAAAAAAAAAAAAAAA TERGILAAAAAAAAAAAA GILAAAAAAAAAAAAAAAAAAAAAA SAMAAAAAAAAAAAAAA TAYAAAAAAANGGGGGGGG",
    "status": true
  },
  "1737945945367": {
    "id": 1737945945367,
    "dari": "628812247676@s.whatsapp.net",
    "nama": " paussssss gedebrukkk kayangg saltoooo jempungk jempungk",
    "penerima": "6285189134839@s.whatsapp.net",
    "pesan": " OOOOOOO GITUUUUUU OKEEEEEE,AAKUUUUU GILAAAAA",
    "mediaUrl": "",
    "mime": "",
    "balasan": ".brat lia cantik",
    "status": true
  },
  "1737946080855": {
    "id": 1737946080855,
    "dari": "628812247676@s.whatsapp.net",
    "nama": " paauuussssssss gedebrukkk kayangg saltoooooo jempungk jempungk ",
    "penerima": "6285189134839@s.whatsapp.net",
    "pesan": " hummmm kaaannnnn dedeeeeee taaadiiiiiiiiii beluuummm baleeessss pesaannnyaaaa jaadiiii kekiriiimmmmm :<, huwaaaaaaaaaaaaaaaaaaaaaaaaa",
    "mediaUrl": "",
    "mime": "",
    "balasan": "HWAAAAAAAAAAAAAAAAAAAAA IYAAAAAAAAAAAAAAAAAA TAYAAAANGGGGGGGGGGGGGGG MAAAPPPPPPPPPPPPPP KECEPLOSANNNNNNNNNNNNNNN MAUUUUUUUUU PAPPPPPPPPPPPPPPPPPPPPP :<",
    "status": true
  },
  "1737946339711": {
    "id": 1737946339711,
    "dari": "628812247676@s.whatsapp.net",
    "nama": " TUKANG CILOK",
    "penerima": "6285189134839@s.whatsapp.net",
    "pesan": " HEEHHHHHHHH DIEEEEEEMMMMMM GAAAKKKKKK! PUASAAAAA PAAPPPPP 2 BULAAAAAAANNNNNN",
    "mediaUrl": "",
    "mime": "",
    "balasan": ".brat cewe gw cakep amat",
    "status": true
  },
  "1737946488777": {
    "id": 1737946488777,
    "dari": "628812247676@s.whatsapp.net",
    "nama": " TAHU ISI",
    "penerima": "6285189134839@s.whatsapp.net",
    "pesan": " GAMAAAUUUUUUUUUU WLEEEEEEE :b",
    "mediaUrl": "",
    "mime": "",
    "balasan": "DAAAAAAAAAAAAAAAAAAAAAAA TAYAAANGGGGGGNYAAAAAAAA GAMAUUUUUUUUUUUUUUUUU KASIIIIIIIIIIIIIIIIIIIIII PAPPPPPPPPPPPPPPPP :<",
    "status": true
  },
  "1737946513931": {
    "id": 1737946513931,
    "dari": "628812247676@s.whatsapp.net",
    "nama": " AGUS ",
    "penerima": "6285189134839@s.whatsapp.net",
    "pesan": " BOTNYAAAAA SENGKLEEEKKK",
    "mediaUrl": "https://raw.githubusercontent.com/Rangelofficial/Uploade-db/main/uploader/1737946513135.jpg",
    "mime": "image/jpeg",
    "balasan": ".brat sok PeTanG tAnG petEng TeNG giLiran dI tAnTang kAYa aYaM saYuR",
    "status": true
  },
  "1737946530056": {
    "id": 1737946530056,
    "dari": "628812247676@s.whatsapp.net",
    "nama": " HEHHHHH! ",
    "penerima": "6285189134839@s.whatsapp.net",
    "pesan": " DIEEEMMMM GAAKKKKKKKK!",
    "mediaUrl": "",
    "mime": "",
    "balasan": "MASUKINNNNNNNNNNNNN NOOOOOOOKUUUUUUUUUUUUUUUU LAGIIIIIIIIIIIIIIIIIIIII TAYAAAAAANGGGGGGGGGGGGGGG :<",
    "status": true
  },
  "1737946600750": {
    "id": 1737946600750,
    "dari": "628812247676@s.whatsapp.net",
    "nama": " samsul ",
    "penerima": "6285189134839@s.whatsapp.net",
    "pesan": " huwaaaaaaaaaaaaaaaaaaaaaaaaa daaaaa dedeeeeeenyaaa gamaaauuuuuuuuuu dieeeeeemmmmmm",
    "mediaUrl": "",
    "mime": "",
    "balasan": ".brat dika hideung",
    "status": true
  },
  "1737946631765": {
    "id": 1737946631765,
    "dari": "628812247676@s.whatsapp.net",
    "nama": " LIHAAATTTTT",
    "penerima": "6285189134839@s.whatsapp.net",
    "pesan": "",
    "mediaUrl": "https://raw.githubusercontent.com/Rangelofficial/Uploade-db/main/uploader/1737946631053.jpg",
    "mime": "image/jpeg",
    "balasan": ".Brat dika hideung",
    "status": true
  },
  "1737946670023": {
    "id": 1737946670023,
    "dari": "628812247676@s.whatsapp.net",
    "nama": " ikan goreng",
    "penerima": "6285189134839@s.whatsapp.net",
    "pesan": " astaghfirullah malaaaa cosplaayyyyy shesmandaaao4",
    "mediaUrl": "",
    "mime": "",
    "balasan": "ishhhhhhhhhhhhhhhhhhhhhhhhh namaaaaanyaaaaaaaaaaaaaa yakkkkkkkkkkkkkkkkkkk gituuuuuuuuuuuuuuuuuuuuu emepennnnnnnnnnnnnn",
    "status": true
  },
  "1737946722830": {
    "id": 1737946722830,
    "dari": "628812247676@s.whatsapp.net",
    "nama": " lauk ",
    "penerima": "6285189134839@s.whatsapp.net",
    "pesan": " beluuummm bisaaa tayaaaaangggggggggggg",
    "mediaUrl": "",
    "mime": "",
    "balasan": "ITUUUUUUUUUUUUUUUUUUUU NAMAAAAAAAMUUUUUUUUUUUUUU TADIIIIIIIIIIIIIIIIIIIIIIIIIIIIIIII LAUKKKKKKKKKKKKKKKKKK SEKARAAAANGGGGGGGGGGGGGGG HAAAAAAAAAAAAAAAAA, GITUUUUUUUUUUUUUUUUUUUUU AAAAAAAAAAAAAAAAAAAAA YASUDAAAAAAAAAAAAAAAAAAA DEDEEEEEEEEEEEEEEEEE EEE IKUTANNNNNNNNNNNNNNNNNNNNNNN :<",
    "status": true
  },
  "1737946755322": {
    "id": 1737946755322,
    "dari": "628812247676@s.whatsapp.net",
    "nama": " 🏳️‍🌈",
    "penerima": "6285189134839@s.whatsapp.net",
    "pesan": " anjirrrr paraaahghh 😭",
    "mediaUrl": "",
    "mime": "",
    "balasan": ".menu",
    "status": true
  },
  "1737946804534": {
    "id": 1737946804534,
    "dari": "628812247676@s.whatsapp.net",
    "nama": " ha?",
    "penerima": "6285189134839@s.whatsapp.net",
    "pesan": " HAAAA? NAAMAAA APAAAA?",
    "mediaUrl": "",
    "mime": "",
    "balasan": ".tovn dika hideung",
    "status": true
  },
  "1737947157708": {
    "id": 1737947157708,
    "dari": "628812247676@s.whatsapp.net",
    "nama": " astuti putra humairah asalam bin amariaulahu marfuah seribu aura sigma",
    "penerima": "6285189134839@s.whatsapp.net",
    "pesan": " huwaaaaaaaaaaaaaaaaaaaaaaaaa maaaffffffff tayaaaaangggggggggggg,iyaaaa iyaaaa enggaakkkkkkkk jangaaaannnn :(",
    "mediaUrl": "",
    "mime": "",
    "balasan": ".stiker",
    "status": true
  },
  "1737947355516": {
    "id": 1737947355516,
    "dari": "628812247676@s.whatsapp.net",
    "nama": " haiajahshsua8wiwu77",
    "penerima": "6285189134839@s.whatsapp.net",
    "pesan": " tovn apaaaaa tayaaaaangggggggggggg,",
    "mediaUrl": "",
    "mime": "",
    "balasan": "haaaaaaaaaaaaaaaaaaaaaaaaaaaaaaaaa?, kokkkkkkkkkkkkkkkkkkkkkk keirimmmmmmnyaaaaaaaa ketayaangggggggggggggggg yaaaaaaaaaaaaaaaasaaaaaaa?",
    "status": true
  },
  "1737947432039": {
    "id": 1737947432039,
    "dari": "628812247676@s.whatsapp.net",
    "nama": " L0n70N9",
    "penerima": "6285189134839@s.whatsapp.net",
    "pesan": " dedeeeeee maainnnnn bottt sampeeee dikirimmmm kesiniiii ngapaaainnnnn 😭",
    "mediaUrl": "",
    "mime": "",
    "balasan": ".breat bisa te euy",
    "status": true
  },
  "1737947593902": {
    "id": 1737947593902,
    "dari": "628812247676@s.whatsapp.net",
    "nama": " gtw",
    "penerima": "6285189134839@s.whatsapp.net",
    "pesan": " teeee bisaaa apaaa?",
    "mediaUrl": "",
    "mime": "",
    "balasan": ".brat dika hideung",
    "status": true
  },
  "1737960391048": {
    "id": 1737960391048,
    "dari": "6283151447570@s.whatsapp.net",
    "nama": "ikaa",
    "penerima": "6283166593428@s.whatsapp.net",
    "pesan": "hallo niaa,kenalin aku ika cewek nya rakaa,aku mau nanya ke kamu\nkamu siapanya dia?, kok keliatan nya deket banget ya, soalnya tadi aku baca cht kalian pas ngehack WA dia,kalian kenal nya dimana kalau boleh tau? \nkalian berteman aja kan?",
    "mediaUrl": "",
    "mime": "",
    "balasan": "",
    "status": true
  },
  "1737962947676": {
    "id": 1737962947676,
    "dari": "628812247676@s.whatsapp.net",
    "nama": " secret ",
    "penerima": "6285189134839@s.whatsapp.net",
    "pesan": "gede juga nyali lu masuk grup,ngapain? nyari ya wkwwk",
    "mediaUrl": "",
    "mime": "",
    "balasan": "lah pede amat, mau nyari bot gw",
    "status": true
  },
  "1737963320781": {
    "id": 1737963320781,
    "dari": "628812247676@s.whatsapp.net",
    "nama": " secret ",
    "penerima": "6285189134839@s.whatsapp.net",
    "pesan": "ga cewenya ga cowonya sama aja dongo lu juga nerima pesan gw pake bot kocak ngapain nyari",
    "mediaUrl": "",
    "mime": "",
    "balasan": "lah siapa juga yang mau nyari lu?, lah gw mw punya bot 2",
    "status": true
  },
  "1737963440854": {
    "id": 1737963440854,
    "dari": "628812247676@s.whatsapp.net",
    "nama": " secret ",
    "penerima": "6285189134839@s.whatsapp.net",
    "pesan": " serakah amat",
    "mediaUrl": "",
    "mime": "",
    "balasan": "lah serah gw",
    "status": true
  },
  "1737972727990": {
    "id": 1737972727990,
    "dari": "6283151447570@s.whatsapp.net",
    "nama": "raka maaf ya nia",
    "penerima": "6283166593428@s.whatsapp.net",
    "mediaUrl": "https://raw.githubusercontent.com/Rangelofficial/Uploade-db/main/uploader/1737972727371.jpg",
    "mime": "image/jpeg",
    "balasan": "",
    "status": true
  },
  "1737974556849": {
    "id": 1737974556849,
    "dari": "6283151447570@s.whatsapp.net",
    "nama": "raka",
    "penerima": "6283166593428@s.whatsapp.net",
    "pesan": "niaaa niaaa jgn nangis yaaa skrng,maaf yaaaaa,ini smua slh aku maaf yaa niaa\njgn sedih yaa princess,jgn ngersa ini smua slh kmuu gak kok yaaa😸\nbaru aja semalem aku bilang gabakal ada orang yg buat kmu kecewa,nyatanya aku sendiri orang itu,maaf yaaa\nmaaf banget,suatu saat nanti pasti ada orng yg buat kmu bhgia,jgn trauma sdikit pun jgn\ntadi aku lupa kunci wa mknya di hack sama dia,aku gak bermaksud buat gini,maaf yaa... \naku yakin psti ada orng yg buat kmu bhgia,dan jdi cewek paling beruntung💟. \nmakasih ya nia buat wktunya,kmu blok WA ku?, gapapaa kalo itu buat kmu nyman gapapa,tpi klau kmu masih mau temenan sama aku juga boleh\n\naku sengaja sewa bot buat cht kmu,aku ngerasa bersalah bngt maaf yaa niaa\njaga diri baik\" ya PRINCESSSSSS😸💟.raka",
    "mediaUrl": "",
    "mime": "",
    "balasan": "iya gpp kok",
    "status": true
  },
  "1737974680651": {
    "id": 1737974680651,
    "dari": "6283151447570@s.whatsapp.net",
    "nama": "raka",
    "penerima": "6283166593428@s.whatsapp.net",
    "pesan": "niaaa niaaa jgn nangis yaaa skrng,maaf yaaaaa,ini smua slh aku maaf yaa niaa\njgn sedih yaa princess,jgn ngersa ini smua slh kmuu gak kok yaaa😸\nbaru aja semalem aku bilang gabakal ada orang yg buat kmu kecewa,nyatanya aku sendiri orang itu,maaf yaaa\nmaaf banget,suatu saat nanti pasti ada orng yg buat kmu bhgia,jgn trauma sdikit pun jgn\ntadi aku lupa kunci wa mknya di hack sama dia,aku gak bermaksud buat gini,maaf yaa... \naku yakin psti ada orng yg buat kmu bhgia,dan jdi cewek paling beruntung💟. \nmakasih ya nia buat wktunya,kmu blok WA ku?, gapapaa kalo itu buat kmu nyman gapapa,tpi klau kmu masih mau temenan sama aku juga boleh\n\naku sengaja sewa bot buat cht kmu,aku ngerasa bersalah bngt maaf yaa niaa\njaga diri baik\" ya PRINCESSSSSS😸💟.raka",
    "mediaUrl": "",
    "mime": "",
    "balasan": "effort sekalii",
    "status": true
  },
  "1737975151863": {
    "id": 1737975151863,
    "dari": "6283166593428@s.whatsapp.net",
    "nama": "raka",
    "penerima": "6287898774241@s.whatsapp.net",
    "pesan": "niaaa niaaa jgn nangis yaaa skrng,maaf yaaaaa,ini smua slh aku maaf yaa niaa\njgn sedih yaa princess,jgn ngersa ini smua slh kmuu gak kok yaaa😸\nbaru aja semalem aku bilang gabakal ada orang yg buat kmu kecewa,nyatanya aku sendiri orang itu,maaf yaaa\nmaaf banget,suatu saat nanti pasti ada orng yg buat kmu bhgia,jgn trauma sdikit pun jgn\ntadi aku lupa kunci wa mknya di hack sama dia,aku gak bermaksud buat gini,maaf yaa... \naku yakin psti ada orng yg buat kmu bhgia,dan jdi cewek paling beruntung💟. \nmakasih ya nia buat wktunya,kmu blok WA ku?, gapapaa kalo itu buat kmu nyman gapapa,tpi klau kmu masih mau temenan sama aku juga boleh\n\naku sengaja sewa bot buat cht kmu,aku ngerasa bersalah bngt maaf yaa niaa\njaga diri baik\" ya PRINCESSSSSS😸💟.raka",
    "mediaUrl": "",
    "mime": "",
    "balasan": "👍🏻",
    "status": true
  },
  "1737975813616": {
    "id": 1737975813616,
    "dari": "6283166593428@s.whatsapp.net",
    "nama": "raka",
    "penerima": "6283152447570@s.whatsapp.net",
    "pesan": "balas cht nya nia",
    "mediaUrl": "",
    "mime": "",
    "balasan": [],
    "status": false
  },
  "1737975852935": {
    "id": 1737975852935,
    "dari": "6283166593428@s.whatsapp.net",
    "nama": "raka",
    "penerima": "6283151447570@s.whatsapp.net",
    "pesan": "balas cht nya nia",
    "mediaUrl": "",
    "mime": "",
    "balasan": "",
    "status": true
  },
  "1737977806546": {
    "id": 1737977806546,
    "dari": "6283151447570@s.whatsapp.net",
    "nama": "raka",
    "penerima": "6283166593428@s.whatsapp.net",
    "pesan": "niaaa niaaa jgn nangis yaaa skrng,maaf yaaaaa,ini smua slh aku maaf yaa niaa\njgn sedih yaa princess,jgn ngersa ini smua slh kmuu gak kok yaaa😸\nbaru aja semalem aku bilang gabakal ada orang yg buat kmu kecewa,nyatanya aku sendiri orang itu,maaf yaaa\nmaaf banget,suatu saat nanti pasti ada orng yg buat kmu bhgia,jgn trauma sdikit pun jgn\ntadi aku lupa kunci wa mknya di hack sama dia,aku gak bermaksud buat gini,maaf yaa... \naku yakin psti ada orng yg buat kmu bhgia,dan jdi cewek paling beruntung💟. \nmakasih ya nia buat wktunya,kmu blok WA ku?, gapapaa kalo itu buat kmu nyman gapapa,tpi klau kmu masih mau temenan sama aku juga boleh\n\naku sengaja sewa bot buat cht kmu,aku ngerasa bersalah bngt maaf yaa niaa\njaga diri baik\" ya PRINCESSSSSS😸💟.raka",
    "mediaUrl": "",
    "mime": "",
    "balasan": "",
    "status": true
  },
  "1737977920209": {
    "id": 1737977920209,
    "dari": "6283166593428@s.whatsapp.net",
    "nama": "raka",
    "penerima": "6287898774241@s.whatsapp.net",
    "pesan": "bales nya nia,aku ngerasa bersalah bngt jdinyaaa",
    "mediaUrl": "",
    "mime": "",
    "balasan": "g",
    "status": true
  },
  "1737994834228": {
    "id": 1737994834228,
    "dari": "6285696438172@s.whatsapp.net",
    "nama": " riri ",
    "penerima": "628985434229@s.whatsapp.net",
    "pesan": " putus mki mau ka kembali ke reski",
    "mediaUrl": "",
    "mime": "",
    "balasan": "Kontol",
    "status": true
  },
  "1737995042092": {
    "id": 1737995042092,
    "dari": "628985434229@s.whatsapp.net",
    "nama": " JNT ",
    "penerima": "6285696438172@s.whatsapp.net",
    "pesan": " PAKET KONTOL",
    "mediaUrl": "",
    "mime": "",
    "balasan": "",
    "status": true
  },
  "1738034199996": {
    "id": 1738034199996,
    "dari": "6283141094968@s.whatsapp.net",
    "nama": "Yusuf PT core",
    "penerima": "6283193787232@s.whatsapp.net",
    "pesan": "helo dangdut koplo hot terbaru",
    "mediaUrl": "",
    "mime": "",
    "balasan": "hiih",
    "status": true
  },
  "1738034450809": {
    "id": 1738034450809,
    "dari": "6283141094968@s.whatsapp.net",
    "nama": "Yusuf PT CORE",
    "penerima": "6283139903636@s.whatsapp.net",
    "pesan": "Akun Facebook Anda akan di hack jadi tolong jaga nama baik akun Anda!!",
    "mediaUrl": "",
    "mime": "",
    "balasan": "",
    "status": true
  },
  "1738043260446": {
    "id": 1738043260446,
    "dari": "6283141094968@s.whatsapp.net",
    "nama": "Yusuf",
    "penerima": "6283193787232@s.whatsapp.net",
    "pesan": "woy sini datangi haduhh",
    "mediaUrl": "",
    "mime": "",
    "balasan": ".menu",
    "status": true
  },
  "1738143839312": {
    "id": 1738143839312,
    "dari": "6283141094968@s.whatsapp.net",
    "nama": "ksjjsjj",
    "penerima": "6283139903636@s.whatsapp.net",
    "pesan": " kontolllllllllllllllllllllllllllllllllllllllllllllllllllllllllllll",
    "mediaUrl": "",
    "mime": "",
    "balasan": [],
    "status": false
  },
  "1738233534476": {
    "id": 1738233534476,
    "dari": "6283174473801@s.whatsapp.net",
    "nama": "anonymous",
    "penerima": "6283875845243@s.whatsapp.net",
    "pesan": "haii, i have crush on you",
    "mediaUrl": "",
    "mime": "",
    "balasan": "iyh bentar",
    "status": true
  },
  "1738282677481": {
    "id": 1738282677481,
    "dari": "628812247676@s.whatsapp.net",
    "nama": " 👤",
    "penerima": "6287856079086@s.whatsapp.net",
    "pesan": " halo?",
    "mediaUrl": "",
    "mime": "",
    "balasan": "",
    "status": true
  },
  "1738282732615": {
    "id": 1738282732615,
    "dari": "628812247676@s.whatsapp.net",
    "nama": " 👤",
    "penerima": "6287856079086@s.whatsapp.net",
    "pesan": " hm,maaf baru bilang,aku suka kamu",
    "mediaUrl": "",
    "mime": "",
    "balasan": "naon ieu",
    "status": true
  },
  "1738285974216": {
    "id": 1738285974216,
    "dari": "628812247676@s.whatsapp.net",
    "nama": " 👤",
    "penerima": "6287856079086@s.whatsapp.net",
    "pesan": " aku suka kamu adila",
    "mediaUrl": "",
    "mime": "",
    "balasan": "",
    "status": true
  },
  "1738286033152": {
    "id": 1738286033152,
    "dari": "628812247676@s.whatsapp.net",
    "nama": " 👤",
    "penerima": "6287856079086@s.whatsapp.net",
    "pesan": " ha",
    "mediaUrl": "",
    "mime": "",
    "balasan": "",
    "status": true
  },
  "1738286062655": {
    "id": 1738286062655,
    "dari": "628812247676@s.whatsapp.net",
    "nama": " 👤",
    "penerima": "6287856079086@s.whatsapp.net",
    "pesan": " Pesannya kosong dil",
    "mediaUrl": "",
    "mime": "",
    "balasan": "kocak lu, udah cicing urang tau maneh aul kan",
    "status": true
  },
  "1738582296802": {
    "id": 1738582296802,
    "dari": "6289678501325@s.whatsapp.net",
    "nama": "-",
    "penerima": "6285235687349@s.whatsapp.net",
    "pesan": "Aku kangen",
    "mediaUrl": "",
    "mime": "",
    "balasan": "siapaa?",
    "status": true
  },
  "1738582354923": {
    "id": 1738582354923,
    "dari": "6289678501325@s.whatsapp.net",
    "nama": "plenger",
    "penerima": "6285850506354@s.whatsapp.net",
    "pesan": "Balikan? aku kangen",
    "mediaUrl": "",
    "mime": "",
    "balasan": "",
    "status": true
  },
  "1738582445450": {
    "id": 1738582445450,
    "dari": "6289678501325@s.whatsapp.net",
    "nama": "plenger",
    "penerima": "6285850506354@s.whatsapp.net",
    "pesan": "Balikan? aku kangen",
    "mediaUrl": "",
    "mime": "",
    "balasan": "",
    "status": true
  },
  "1738592945208": {
    "id": 1738592945208,
    "dari": "6289678501325@s.whatsapp.net",
    "nama": "-",
    "penerima": "6285235687349@s.whatsapp.net",
    "pesan": "Tebakk",
    "mediaUrl": "",
    "mime": "",
    "balasan": "kasih clue dong",
    "status": true
  },
  "1738593898671": {
    "id": 1738593898671,
    "dari": "6289678501325@s.whatsapp.net",
    "nama": "-",
    "penerima": "6285235687349@s.whatsapp.net",
    "pesan": "No clue\" an",
    "mediaUrl": "",
    "mime": "",
    "balasan": "loh, trus tau dari mana kalau gaada clue?",
    "status": true
  },
  "1738594807999": {
    "id": 1738594807999,
    "dari": "6289678501325@s.whatsapp.net",
    "nama": "-",
    "penerima": "6285235687349@s.whatsapp.net",
    "pesan": "Pakai feeling lah..",
    "mediaUrl": "",
    "mime": "",
    "balasan": "gaa, harus memastikan dengan benar \ntakutnya kegeeran😅",
    "status": true
  },
  "1738595058431": {
    "id": 1738595058431,
    "dari": "6289678501325@s.whatsapp.net",
    "nama": "-",
    "penerima": "6285235687349@s.whatsapp.net",
    "pesan": "Yaudah nebak aja dulu, salah gapapa",
    "mediaUrl": "",
    "mime": "",
    "balasan": "gamau, yang pasti\nkasi clue apa gituu",
    "status": true
  },
  "1738596593344": {
    "id": 1738596593344,
    "dari": "6289678501325@s.whatsapp.net",
    "nama": "-",
    "penerima": "6285235687349@s.whatsapp.net",
    "pesan": "Pakai feelingg",
    "mediaUrl": "",
    "mime": "",
    "balasan": "feelingku gapernah benarr",
    "status": true
  },
  "1738596821229": {
    "id": 1738596821229,
    "dari": "6289678501325@s.whatsapp.net",
    "nama": "-",
    "penerima": "6285235687349@s.whatsapp.net",
    "pesan": "Yang dulu dekat, kini hampir terlupakan.\nAku yang hilang di antara jarak dan waktu.\nSiapa aku?",
    "mediaUrl": "",
    "mime": "",
    "balasan": "?? \nmaybe i know\nuntuk memastikan, apakah kamu familiar dgn 'ay'?",
    "status": true
  },
  "1738597308933": {
    "id": 1738597308933,
    "dari": "6289678501325@s.whatsapp.net",
    "nama": "-",
    "penerima": "6285235687349@s.whatsapp.net",
    "pesan": "Bisa iya bisa tidak, coba tebak lagi",
    "mediaUrl": "",
    "mime": "",
    "balasan": "kok jadi main tebak²an sih",
    "status": true
  },
  "1738597913695": {
    "id": 1738597913695,
    "dari": "6289678501325@s.whatsapp.net",
    "nama": "-",
    "penerima": "6285235687349@s.whatsapp.net",
    "pesan": "Bingung ya? aku bingung juga cari apa buat jadi clue😅 coba tebak sendiri aja lahh.\nYaudah jadi gini, entah kenapa, akhir-akhir ini aku sering banget kepikiran kamu. Rasanya kayak ada yang kurang aja, sepi banget tanpa obrolan kita yang dulu. Aku kangen, bukan cuma sekadar pengen ketemu, tapi pengen denger suaramu, liat senyummu, dan ngerasain lagi suasana yang cuma ada kalau kamu di dekatku. Sampai sekarang aku juga belum tau siapa yang sedang kamu tunggu.",
    "mediaUrl": "",
    "mime": "",
    "balasan": "teh?\nsrry, but aku ngerasa ini kamu",
    "status": true
  },
  "1738624747926": {
    "id": 1738624747926,
    "dari": "6289678501325@s.whatsapp.net",
    "nama": "-",
    "penerima": "6285235687349@s.whatsapp.net",
    "pesan": "Teh?",
    "mediaUrl": "",
    "mime": "",
    "balasan": "??\nbukan?",
    "status": true
  },
  "1738651868908": {
    "id": 1738651868908,
    "dari": "6289678501325@s.whatsapp.net",
    "nama": "-",
    "penerima": "6285235687349@s.whatsapp.net",
    "pesan": "Bukan😅",
    "mediaUrl": "",
    "mime": "",
    "balasan": "lalu siapaa?",
    "status": true
  },
  "1738653536336": {
    "id": 1738653536336,
    "dari": "6289678501325@s.whatsapp.net",
    "nama": "-",
    "penerima": "6285235687349@s.whatsapp.net",
    "pesan": "Entah lah",
    "mediaUrl": "",
    "mime": "",
    "balasan": "pliss kasih tau dongg, siapaaa",
    "status": true
  },
  "1738653778502": {
    "id": 1738653778502,
    "dari": "6283872958730@s.whatsapp.net",
    "nama": "????????",
    "penerima": "6282193977567@s.whatsapp.net",
    "pesan": "halo,ini FIQRI? WHATSAPP ANDA AKAN TERBLOKIR ☢️ MOHON KEBALKAN WA ANDA 🤩",
    "mediaUrl": "",
    "mime": "",
    "balasan": "Ini siapa ya",
    "status": true
  },
  "1738654170330": {
    "id": 1738654170330,
    "dari": "6289678501325@s.whatsapp.net",
    "nama": "-",
    "penerima": "6285235687349@s.whatsapp.net",
    "pesan": "Pengen tau banget nih?",
    "mediaUrl": "",
    "mime": "",
    "balasan": "pengen tau aku",
    "status": true
  },
  "1738655006584": {
    "id": 1738655006584,
    "dari": "6289678501325@s.whatsapp.net",
    "nama": "-",
    "penerima": "6285235687349@s.whatsapp.net",
    "pesan": "Nanti kalau udah tau mau gimana?",
    "mediaUrl": "",
    "mime": "",
    "balasan": "ya biar tau aja, yang kangen aku siapaa",
    "status": true
  },
  "1738717880996": {
    "id": 1738717880996,
    "dari": "6289678501325@s.whatsapp.net",
    "nama": "-",
    "penerima": "6285235687349@s.whatsapp.net",
    "pesan": "Emang harus tau ya?",
    "mediaUrl": "",
    "mime": "",
    "balasan": "harus dong",
    "status": true
  },
  "1738718029794": {
    "id": 1738718029794,
    "dari": "6289678501325@s.whatsapp.net",
    "nama": "-",
    "penerima": "6285235687349@s.whatsapp.net",
    "pesan": "Enak gini, nanti kalo udah tau bisa asing lagi",
    "mediaUrl": "",
    "mime": "",
    "balasan": "loh, gimana sih\nemang kita belum asing?",
    "status": true
  },
  "1738718235157": {
    "id": 1738718235157,
    "dari": "6289678501325@s.whatsapp.net",
    "nama": "-",
    "penerima": "6285235687349@s.whatsapp.net",
    "pesan": "Entah lah",
    "mediaUrl": "",
    "mime": "",
    "balasan": "gimana sihh",
    "status": true
  },
  "1738718666998": {
    "id": 1738718666998,
    "dari": "6289678501325@s.whatsapp.net",
    "nama": "-",
    "penerima": "6285235687349@s.whatsapp.net",
    "pesan": "Emang harus tau ya?",
    "mediaUrl": "",
    "mime": "",
    "balasan": "harus",
    "status": true
  },
  "1738738694318": {
    "id": 1738738694318,
    "dari": "6283872958730@s.whatsapp.net",
    "nama": "RISQY",
    "penerima": "6285240272011@s.whatsapp.net",
    "pesan": "HALO,ILOVE YOU FARID",
    "mediaUrl": "",
    "mime": "",
    "balasan": "too risqy, muachh",
    "status": true
  },
  "1738738830155": {
    "id": 1738738830155,
    "dari": "6285240272011@s.whatsapp.net",
    "nama": "ada tong",
    "penerima": "6285230492256@s.whatsapp.net",
    "pesan": "kusukako, dari kelas sebelah",
    "mediaUrl": "",
    "mime": "",
    "balasan": [],
    "status": false
  },
  "1738946859279": {
    "id": 1738946859279,
    "dari": "6283122095576@s.whatsapp.net",
    "nama": "ejar",
    "penerima": "6285273494887@s.whatsapp.net",
    "pesan": "tapi aku ttp berusaha nepatin janji yang ada.....\nkmu suka ya kalau org berpikir kmu ngerendahi aku?.\nkurang aku apa?smpai direndahin gitu?🙁ga pede sm diri sendiri,kmu aja smpai.ngerendhin aku apalagi org lain..\nbnyk mau yang ku bilng tpi aku cuma bisa nngis krn aku tau kmu g akan terima isi pikiran ku\nkurang bgt ya aku smpai direndhin gitu??🙁",
    "mediaUrl": "",
    "mime": "",
    "balasan": "Direndahin? Wkwkwkwkkwk\nFitnah org senang, pas digituin dikit doang sakit hati hahhaahha.\nKau fitnah aku dihari patah hati terbesar aku, dihari dimana aku ngerasain hancur. Wkwkwkwkkwkwkwkwkkwkwkwkwkwkkwkw \nUdh bersumpah gua gak mau ngeluh ke lo. Jd gsh nanya. Lanjutin aja pikiran buruk Lo ke gua, gua gak perduli",
    "status": true
  },
  "1738947128865": {
    "id": 1738947128865,
    "dari": "6283122095576@s.whatsapp.net",
    "nama": "ejar",
    "penerima": "6285273494887@s.whatsapp.net",
    "pesan": "dikit?dikit doang?sumpah demi allah kmu bilanh dikit?\nlu cuma bisa nyalahin ya?hari hari cuma.bisa nyalahin ya?aku fitnahh?aku ngmng gt juga krn boong loh\nsalah aku?smpai akhir juga kau nyalahin aku?kau yg boong ke aku trs salah aku\npas aku boong ke kau salah ku juga\npantek semua aj lu salahin ke gua anjing\ndikit doang lu bilang?kalau jdi gua juga ga bakalan sanggup loh?jahat bgt sumpah demi allah lu bilang dikit doang?",
    "mediaUrl": "",
    "mime": "",
    "balasan": "Awokawok",
    "status": true
  },
  "1738947364503": {
    "id": 1738947364503,
    "dari": "6283122095576@s.whatsapp.net",
    "nama": "ejar",
    "penerima": "6285273494887@s.whatsapp.net",
    "pesan": "dikit doang lu bilang?gua fitnah?lu fitnah gua juga blng gua ada niat buruk ke lu?gua bisa?jangan kan ngeluh bilang gua sakit hati aja kyknya salah\nlu cuma bisa liat buruk gua doang ya?selalu bilang untuk ku\nsumpah demi allah gua cuma pengen kasih liat poto,gua g ada loh bikin lu rendah dimata orang,dan skrg lu blg dikit doang?kkalau dikit doang ga akan gua smpai segini nya\nsumpah lah aween gua bnr bnr ga nyangka lu blng dikit doang?🙁",
    "mediaUrl": "",
    "mime": "",
    "balasan": "Gua jg gak nyangka apa yg udh lo lakuin ke gua, dan masih brani buat ngomong ke gua, wkwkwk. Jgn hubungin gua lagi ya, hidup sendiri mulai skarang, gua udh gak mau ikut campur, perasaan gua udh terlanjur rusak. Dah ya, smoga lo ngerti",
    "status": true
  },
  "1738947566017": {
    "id": 1738947566017,
    "dari": "6283122095576@s.whatsapp.net",
    "nama": "ejar",
    "penerima": "6285273494887@s.whatsapp.net",
    "pesan": "gua g bisa ngerti knp cuma liat gua bagian buruk aja?jahat banget ,pdhl lu ngehancurin gua juga",
    "mediaUrl": "",
    "mime": "",
    "balasan": "Ydh kita sama sama jahat, slesai.",
    "status": true
  },
  "1738948119199": {
    "id": 1738948119199,
    "dari": "6283122095576@s.whatsapp.net",
    "nama": "ejar",
    "penerima": "6285273494887@s.whatsapp.net",
    "pesan": "gua ga jahat,lu yg buat gua jahat,lu tau ga sesak dada gua loh baca ketikan lu,dikit doang lu bilang?kalau dikit ga akan smpai bundir gua\nkok gitu ketikan lu,sumpah gua hancur \nnngis bgt",
    "mediaUrl": "",
    "mime": "",
    "balasan": "Iya dehh kakakk, maaf ya kak udah bilang kakak jahat. Karena awak orang jahatnya disini, awak undur diri ya kak🙏🏿",
    "status": true
  },
  "1738948314897": {
    "id": 1738948314897,
    "dari": "6283122095576@s.whatsapp.net",
    "nama": "ejar",
    "penerima": "6285273494887@s.whatsapp.net",
    "pesan": "kk sadar ga?org yg kk rendahin ini,anak yg begntng sm kaka.dikit doang yg kk blng itu ngehilangin semngtnya buat jd lebih baik kyk yg kmu mau,aku udh smngt pdhl krn habis liat poto smp kak,tpi skrng hncur\nsesalah itu kah aku?knnp cuma liat aku yg jahat?🙁",
    "mediaUrl": "",
    "mime": "",
    "balasan": [],
    "status": false
  },
  "1738948499209": {
    "id": 1738948499209,
    "dari": "6283122095576@s.whatsapp.net",
    "nama": "ejar",
    "penerima": "6285273494887@s.whatsapp.net",
    "pesan": "https://www.instagram.com/p/BdpA10cHmeV/?igsh=NGliMHk2NmN1eWJ5\nliat ini alasan dr kmrn aku pgn bgt kaka buka blok aku,aku pgn nunjukin ini,cuma mau nunjukin ini...",
    "mediaUrl": "",
    "mime": "",
    "balasan": [],
    "status": false
  },
  "1739015053910": {
    "id": 1739015053910,
    "dari": "6289509353845@s.whatsapp.net",
    "nama": "Ytta",
    "penerima": "62895403084882@s.whatsapp.net",
    "pesan": "Nama ibu Hafidz=Sunnarmi😅",
    "mediaUrl": "",
    "mime": "",
    "balasan": "",
    "status": true
  },
  "1739064385056": {
    "id": 1739064385056,
    "dari": "6282375568402@s.whatsapp.net",
    "nama": "rahasia",
    "penerima": "6281326866272@s.whatsapp.net",
    "pesan": "hmm",
    "mediaUrl": "",
    "mime": "",
    "balasan": "Sapa ni",
    "status": true
  },
  "1739109721195": {
    "id": 1739109721195,
    "dari": "6282375568402@s.whatsapp.net",
    "nama": "rahasia",
    "penerima": "6281326866272@s.whatsapp.net",
    "pesan": "temanmu maybe",
    "mediaUrl": "",
    "mime": "",
    "balasan": [],
    "status": false
  },
  "1739292445140": {
    "id": 1739292445140,
    "dari": "6283192111905@s.whatsapp.net",
    "nama": "yohan",
    "penerima": "6288225343869@s.whatsapp.net",
    "pesan": "tt lu itu kendor,kalau video remes tt lu gua viralin gmn?cih tp spa ya yang selera tt kendor kek lu,tt kendor,temen nya sichinta mukanya jelek kek pantat kuda cih najis,jelek,pasti lu temenan krn duitny awkwk tampang tampang munafik sikendor ini",
    "mediaUrl": "",
    "mime": "",
    "balasan": "klok gsuka tinggal pc gw aj ‪+62 882‑2534‑3869‬ no gw",
    "status": true
  },
  "1739292868293": {
    "id": 1739292868293,
    "dari": "6283192111905@s.whatsapp.net",
    "nama": "yohan",
    "penerima": "6283863366416@s.whatsapp.net",
    "pesan": "lu jelek,pacar lu juga jelek,dasar jelek,cc nya sikendor dan simuka pantat kuda\njelek",
    "mediaUrl": "",
    "mime": "",
    "balasan": "kata pacarku kapan kita berdua jelek?🤭",
    "status": true
  },
  "1739299498974": {
    "id": 1739299498974,
    "dari": "6283192111905@s.whatsapp.net",
    "nama": "yohan",
    "penerima": "6288225343869@s.whatsapp.net",
    "pesan": "Gkush sok tersakiti ya pepek,video tt lu mshh sm gua,lu nyakitin perasaan org bisa digituan doang sok drama najis",
    "mediaUrl": "",
    "mime": "",
    "balasan": "klok emng nyali lo gede pc gw aj langsung wkwk klok NYALI LO GEDE aj sii",
    "status": true
  },
  "1739299823735": {
    "id": 1739299823735,
    "dari": "6283192111905@s.whatsapp.net",
    "nama": "Yohan",
    "penerima": "6283863366416@s.whatsapp.net",
    "pesan": "[12/2 00:48] +62 838-6336-6416: beberapa hari lagi nisfu syaban noh, gua doain ya lu\n[12/2 00:48] +62 838-6336-6416: ampe ngatain cewe gua kampret, jelek bgt hati elu ya allah\n\nsadar diri napa sih kontol udah lesbi berharap tuhan kabulin doa lesbi lu itu?sebego begony org lesbi mah kek lu anjing\nnifsu syaban nifsu syaban tpi ngelesbi,tolol belajar dulu gih jelek",
    "mediaUrl": "",
    "mime": "",
    "balasan": "udah pls, malu ketikan lu jelek",
    "status": true
  },
  "1739299897636": {
    "id": 1739299897636,
    "dari": "6283192111905@s.whatsapp.net",
    "nama": "yohan",
    "penerima": "6285248207481@s.whatsapp.net",
    "pesan": "[12/2 00:43] +62 852-4820-7481: minimal langsung chat\n[12/2 00:46] +62 852-4820-7481: tabur tuai itu nyata, hukum alam itu berlaku, yang menyakiti akan tersakiti pada waktunya. kalau sudah hebat menyakiti orang lain, berarti sudah cukup kuat menerima balasannya.\n\nminimal sadar diri dulu ga sih lu sebelum ngetik ini?lu sendiri aja udah jelek muka kayak beruk sok sokan ngatain orang\nminimal sadar diri sih\ngua karma ni buat sikeja keja alay lu tu,karma juga buat lu jelek",
    "mediaUrl": "",
    "mime": "",
    "balasan": "balasan",
    "status": true
  },
  "1739880259798": {
    "id": 1739880259798,
    "dari": "6289678501325@s.whatsapp.net",
    "nama": "X",
    "penerima": "6285852842931@s.whatsapp.net",
    "pesan": "Hai ganteng mau pap tt gak?🥰",
    "mediaUrl": "",
    "mime": "",
    "balasan": "",
    "status": true
  },
  "1740121256654": {
    "id": 1740121256654,
    "dari": "6289678501325@s.whatsapp.net",
    "nama": "X",
    "penerima": "6285739442964@s.whatsapp.net",
    "pesan": "Hai ganteng mau pap tt gak?🥰",
    "mediaUrl": "",
    "mime": "",
    "balasan": [],
    "status": false
  },
  "1740197782100": {
    "id": 1740197782100,
    "dari": "6285693401479@s.whatsapp.net",
    "nama": "catur",
    "penerima": "6287869936384@s.whatsapp.net",
    "pesan": "WOI JIHOT",
    "mediaUrl": "",
    "mime": "",
    "balasan": "👩🏿‍🦲",
    "status": true
  },
  "1740382192058": {
    "id": 1740382192058,
    "dari": "6285141061779@s.whatsapp.net",
    "nama": "Alfamart",
    "penerima": "6281232264913@s.whatsapp.net",
    "pesan": "halo sayang kamu kok bot sih",
    "mediaUrl": "",
    "mime": "",
    "balasan": "babi kau",
    "status": true
  },
  "1740392837569": {
    "id": 1740392837569,
    "dari": "628812247676@s.whatsapp.net",
    "nama": " ?",
    "penerima": "6282129180976@s.whatsapp.net",
    "pesan": "ku kembali babe",
    "mediaUrl": "",
    "mime": "",
    "balasan": "",
    "status": true
  },
  "1740392895406": {
    "id": 1740392895406,
    "dari": "628812247676@s.whatsapp.net",
    "nama": "?",
    "penerima": "6282129180976@s.whatsapp.net",
    "pesan": " yakin gamau bles sayang aku?",
    "mediaUrl": "",
    "mime": "",
    "balasan": "yaa abis nya bingung",
    "status": true
  },
  "1740392953769": {
    "id": 1740392953769,
    "dari": "628812247676@s.whatsapp.net",
    "nama": "kepo",
    "penerima": "6282129180976@s.whatsapp.net",
    "pesan": " waktunya habis yang tadi",
    "mediaUrl": "",
    "mime": "",
    "balasan": "",
    "status": true
  },
  "1740392991498": {
    "id": 1740392991498,
    "dari": "628812247676@s.whatsapp.net",
    "nama": "kepo",
    "penerima": "6282129180976@s.whatsapp.net",
    "pesan": "don't be a little piece of heaven, babe",
    "mediaUrl": "",
    "mime": "",
    "balasan": "maaf tapi ini siapa ya?",
    "status": true
  },
  "1740393150952": {
    "id": 1740393150952,
    "dari": "628812247676@s.whatsapp.net",
    "nama": "kepo",
    "penerima": "6282129180976@s.whatsapp.net",
    "pesan": " masa ga kenal?",
    "mediaUrl": "",
    "mime": "",
    "balasan": "serius dong ini siapa? jangan bikin bingung plss",
    "status": true
  },
  "1740393292170": {
    "id": 1740393292170,
    "dari": "628812247676@s.whatsapp.net",
    "nama": "kepo",
    "penerima": "6282129180976@s.whatsapp.net",
    "pesan": " mang sarip",
    "mediaUrl": "",
    "mime": "",
    "balasan": "apasii gatau ah",
    "status": true
  },
  "1740393407571": {
    "id": 1740393407571,
    "dari": "628812247676@s.whatsapp.net",
    "nama": "kepo",
    "penerima": "6282129180976@s.whatsapp.net",
    "pesan": " _send bug ■■■_\ncatatan :\nmending hp mu yang lag atau mau nerima aku widi?",
    "mediaUrl": "",
    "mime": "",
    "balasan": "plss deh jan ngelunjak",
    "status": true
  },
  "1740393492758": {
    "id": 1740393492758,
    "dari": "628812247676@s.whatsapp.net",
    "nama": "kepo",
    "penerima": "6282129180976@s.whatsapp.net",
    "pesan": " 🫦",
    "mediaUrl": "",
    "mime": "",
    "balasan": "",
    "status": true
  },
  "1740448775357": {
    "id": 1740448775357,
    "dari": "628812247676@s.whatsapp.net",
    "nama": "kepo",
    "penerima": "6283135266204@s.whatsapp.net",
    "pesan": " _🕖sending bug ■■■■■_",
    "mediaUrl": "",
    "mime": "",
    "balasan": "https://chat.whatsapp.com/I8b9gIg0umF3uWnasMobNa\n\n*CARI ATAU JUAL AKUN MASUK AJA BOYY🤩🤩*",
    "status": true
  },
  "1740453294944": {
    "id": 1740453294944,
    "dari": "628812247676@s.whatsapp.net",
    "nama": "kepo",
    "penerima": "6283135266204@s.whatsapp.net",
    "pesan": " _🕖sending bug ■■■■■_",
    "mediaUrl": "",
    "mime": "",
    "balasan": ".qc arka bot krocoooo",
    "status": true
  },
  "1740453321779": {
    "id": 1740453321779,
    "dari": "628812247676@s.whatsapp.net",
    "nama": "kepo",
    "penerima": "6283135266204@s.whatsapp.net",
    "pesan": " wa.me/settings",
    "mediaUrl": "",
    "mime": "",
    "balasan": ".qc bokep jepang",
    "status": true
  },
  "1740453325631": {
    "id": 1740453325631,
    "dari": "628812247676@s.whatsapp.net",
    "nama": "kepo",
    "penerima": "6283135266204@s.whatsapp.net",
    "pesan": " _🕖sending bug ■■■■■_",
    "mediaUrl": "",
    "mime": "",
    "balasan": ".qc tayangg c0lmk dongg🫦🥰",
    "status": true
  },
  "1740454565944": {
    "id": 1740454565944,
    "dari": "628812247676@s.whatsapp.net",
    "nama": "kepo",
    "penerima": "6283135266204@s.whatsapp.net",
    "pesan": " rafi",
    "mediaUrl": "",
    "mime": "",
    "balasan": "",
    "status": true
  },
  "1740455307686": {
    "id": 1740455307686,
    "dari": "628812247676@s.whatsapp.net",
    "nama": "kepo",
    "penerima": "6283135266204@s.whatsapp.net",
    "pesan": " p",
    "mediaUrl": "",
    "mime": "",
    "balasan": ".allmenu",
    "status": true
  },
  "1740633625509": {
    "id": 1740633625509,
    "dari": "628812247676@s.whatsapp.net",
    "nama": "🐮",
    "penerima": "6283135266204@s.whatsapp.net",
    "pesan": " 😭",
    "mediaUrl": "",
    "mime": "",
    "balasan": "",
    "status": true
  },
  "1740782418616": {
    "id": 1740782418616,
    "dari": "60162340041@s.whatsapp.net",
    "nama": "Elysia Asteria",
    "penerima": "6289503363001@s.whatsapp.net",
    "pesan": "Halo,kirim gambar kepada saya ya!!",
    "mediaUrl": "",
    "mime": "",
    "balasan": "",
    "status": true
  },
  "1740819164154": {
    "id": 1740819164154,
    "dari": "6287869936384@s.whatsapp.net",
    "nama": "ice prince",
    "penerima": "6285933299236@s.whatsapp.net",
    "pesan": "haii sayangg",
    "mediaUrl": "",
    "mime": "",
    "balasan": "lohh",
    "status": true
  },
  "1740819246711": {
    "id": 1740819246711,
    "dari": "6287869936384@s.whatsapp.net",
    "nama": "ice prince",
    "penerima": "6285933299236@s.whatsapp.net",
    "pesan": "hehe kenapaa",
    "mediaUrl": "",
    "mime": "",
    "balasan": "lu siapa yaa",
    "status": true
  },
  "1741146110142": {
    "id": 1741146110142,
    "dari": "6288971898380@s.whatsapp.net",
    "nama": "ada deh",
    "penerima": "6285939630417@s.whatsapp.net",
    "pesan": "halo, gw make bot nih lu bisa ga hehe",
    "mediaUrl": "",
    "mime": "",
    "balasan": [],
    "status": false
  },
  "1741166179128": {
    "id": 1741166179128,
    "dari": "6288971898380@s.whatsapp.net",
    "nama": "apinnn",
    "penerima": "6285863061180@s.whatsapp.net",
    "pesan": "nih bot nya, kadang gw pake ni bot buat bikin video jadi audio, lu mau ga dokumen nya",
    "mediaUrl": "",
    "mime": "",
    "balasan": "bles gimana?🗿",
    "status": true
  },
  "1741224380937": {
    "id": 1741224380937,
    "dari": "628812247676@s.whatsapp.net",
    "nama": "reza",
    "penerima": "628983646667@s.whatsapp.net",
    "pesan": " i love you🤍",
    "mediaUrl": "",
    "mime": "",
    "balasan": "Ini siapa",
    "status": true
  },
  "1741224492590": {
    "id": 1741224492590,
    "dari": "628812247676@s.whatsapp.net",
    "nama": "reza",
    "penerima": "628983646667@s.whatsapp.net",
    "pesan": " salken reza,kamu raihanun?",
    "mediaUrl": "",
    "mime": "",
    "balasan": ";",
    "status": true
  },
  "1741224519831": {
    "id": 1741224519831,
    "dari": "628812247676@s.whatsapp.net",
    "nama": "reza",
    "penerima": "628983646667@s.whatsapp.net",
    "pesan": " aku pake bot,ini bukan no aku,nanti aku kasih no nya ya",
    "mediaUrl": "",
    "mime": "",
    "balasan": [],
    "status": false
  },
  "1741224606555": {
    "id": 1741224606555,
    "dari": "628812247676@s.whatsapp.net",
    "nama": "reza",
    "penerima": "628983646667@s.whatsapp.net",
    "pesan": " boleh sv no aku enggak? ini no nya\n+62 817-7489-0863",
    "mediaUrl": "",
    "mime": "",
    "balasan": [],
    "status": false
  },
  "1741224691210": {
    "id": 1741224691210,
    "dari": "628812247676@s.whatsapp.net",
    "nama": "reza",
    "penerima": "628983646667@s.whatsapp.net",
    "pesan": " bales dong cantik",
    "mediaUrl": "",
    "mime": "",
    "balasan": [],
    "status": false
  },
  "1741224761426": {
    "id": 1741224761426,
    "dari": "628812247676@s.whatsapp.net",
    "nama": "reza",
    "penerima": "628983646667@s.whatsapp.net",
    "pesan": " hai?",
    "mediaUrl": "",
    "mime": "",
    "balasan": [],
    "status": false
  },
  "1741224904265": {
    "id": 1741224904265,
    "dari": "628812247676@s.whatsapp.net",
    "nama": "verooo",
    "penerima": "6287821267346@s.whatsapp.net",
    "pesan": " haii sv dong no aku +62 817-7489-0863 ini no nya,kenalin aku reza,kamu siapa? lanjut chatnya di no aku ya",
    "mediaUrl": "",
    "mime": "",
    "balasan": "Maaf siapa ya",
    "status": true
  },
  "1741224950924": {
    "id": 1741224950924,
    "dari": "628812247676@s.whatsapp.net",
    "nama": "alverooo",
    "penerima": "6281774890863@s.whatsapp.net",
    "pesan": " salkennn veroo,nama kamu siapa?",
    "mediaUrl": "",
    "mime": "",
    "balasan": [],
    "status": false
  },
  "1741225242405": {
    "id": 1741225242405,
    "dari": "6281774890863@s.whatsapp.net",
    "nama": "verooo",
    "penerima": "6287821267346@s.whatsapp.net",
    "pesan": " kansa kenalan donggg ,ini no nnya pencet aja 👉🏻 62 817-7489-0863",
    "mediaUrl": "",
    "mime": "",
    "balasan": [],
    "status": false
  },
  "1741225263400": {
    "id": 1741225263400,
    "dari": "6281774890863@s.whatsapp.net",
    "nama": "verooo",
    "penerima": "6287821267346@s.whatsapp.net",
    "pesan": " bales dong cantik",
    "mediaUrl": "",
    "mime": "",
    "balasan": [],
    "status": false
  },
  "1741225395407": {
    "id": 1741225395407,
    "dari": "628812247676@s.whatsapp.net",
    "nama": "reza",
    "penerima": "628983646667@s.whatsapp.net",
    "pesan": " boleh sv no aku enggak? ini no nya\n\n+62 817-7489-0863",
    "mediaUrl": "",
    "mime": "",
    "balasan": [],
    "status": false
  },
  "1741226005743": {
    "id": 1741226005743,
    "dari": "628812247676@s.whatsapp.net",
    "nama": "reza",
    "penerima": "628983646667@s.whatsapp.net",
    "pesan": " hei",
    "mediaUrl": "",
    "mime": "",
    "balasan": [],
    "status": false
  },
  "1741226536846": {
    "id": 1741226536846,
    "dari": "628812247676@s.whatsapp.net",
    "nama": "alverooo",
    "penerima": "6281774890863@s.whatsapp.net",
    "pesan": " salkennn veroo,nama kamu siapa?",
    "mediaUrl": "",
    "mime": "",
    "balasan": [],
    "status": false
  },
  "1741226545942": {
    "id": 1741226545942,
    "dari": "628812247676@s.whatsapp.net",
    "nama": "alverooo",
    "penerima": "6281774890863@s.whatsapp.net",
    "pesan": " udah di sv belum?",
    "mediaUrl": "",
    "mime": "",
    "balasan": [],
    "status": false
  },
  "1741226608598": {
    "id": 1741226608598,
    "dari": "628812247676@s.whatsapp.net",
    "nama": "verooo",
    "penerima": "6287821267346@s.whatsapp.net",
    "pesan": " udah di sv belum?",
    "mediaUrl": "",
    "mime": "",
    "balasan": [],
    "status": false
  },
  "1741226631831": {
    "id": 1741226631831,
    "dari": "628812247676@s.whatsapp.net",
    "nama": "verooo",
    "penerima": "6287821267346@s.whatsapp.net",
    "pesan": " udah di sv belum?\n\n62 817-7489-0863",
    "mediaUrl": "",
    "mime": "",
    "balasan": [],
    "status": false
  },
  "1741365672975": {
    "id": 1741365672975,
    "dari": "6283869844521@s.whatsapp.net",
    "nama": "8",
    "penerima": "6287765990671@s.whatsapp.net",
    "pesan": "bayar utang gobloug",
    "mediaUrl": "",
    "mime": "",
    "balasan": "utang ap? gausah pke ginian lngsung chat ak aj",
    "status": true
  },
  "1741382971352": {
    "id": 1741382971352,
    "dari": "6283869844521@s.whatsapp.net",
    "nama": "Jihn",
    "penerima": "6285141061779@s.whatsapp.net",
    "pesan": "gsh sok asik sm ak, ak ws mls bek km",
    "mediaUrl": "",
    "mime": "",
    "balasan": "",
    "status": true
  },
  "1741398109933": {
    "id": 1741398109933,
    "dari": "628812247676@s.whatsapp.net",
    "nama": "aulll",
    "penerima": "6282225104132@s.whatsapp.net",
    "pesan": " send virtex",
    "mediaUrl": "",
    "mime": "",
    "balasan": "Sip",
    "status": true
  },
  "1741398139946": {
    "id": 1741398139946,
    "dari": "628812247676@s.whatsapp.net",
    "nama": "aulll",
    "penerima": "6282225104132@s.whatsapp.net",
    "pesan": " _sending bug ■■■■_",
    "mediaUrl": "",
    "mime": "",
    "balasan": "Sp",
    "status": true
  },
  "1741398146181": {
    "id": 1741398146181,
    "dari": "628812247676@s.whatsapp.net",
    "nama": "aulll",
    "penerima": "6282225104132@s.whatsapp.net",
    "pesan": " loading",
    "mediaUrl": "",
    "mime": "",
    "balasan": "Siapa ya",
    "status": true
  },
  "1741398158684": {
    "id": 1741398158684,
    "dari": "628812247676@s.whatsapp.net",
    "nama": "aulll",
    "penerima": "6282225104132@s.whatsapp.net",
    "pesan": " wa.me/settings",
    "mediaUrl": "",
    "mime": "",
    "balasan": [],
    "status": false
  },
  "1741398163716": {
    "id": 1741398163716,
    "dari": "628812247676@s.whatsapp.net",
    "nama": "aulll",
    "penerima": "6282225104132@s.whatsapp.net",
    "pesan": " send virtex",
    "mediaUrl": "",
    "mime": "",
    "balasan": [],
    "status": false
  },
  "1741398169668": {
    "id": 1741398169668,
    "dari": "628812247676@s.whatsapp.net",
    "nama": "aulll",
    "penerima": "6282225104132@s.whatsapp.net",
    "pesan": " send virtex",
    "mediaUrl": "",
    "mime": "",
    "balasan": [],
    "status": false
  },
  "1741398186131": {
    "id": 1741398186131,
    "dari": "628812247676@s.whatsapp.net",
    "nama": "aulll",
    "penerima": "6282225104132@s.whatsapp.net",
    "pesan": " OVAL BAU TAI",
    "mediaUrl": "",
    "mime": "",
    "balasan": [],
    "status": false
  },
  "1741398201854": {
    "id": 1741398201854,
    "dari": "628812247676@s.whatsapp.net",
    "nama": "aulll",
    "penerima": "6282225104132@s.whatsapp.net",
    "pesan": " OVAL BAU TAI",
    "mediaUrl": "",
    "mime": "",
    "balasan": [],
    "status": false
  },
  "1741398205977": {
    "id": 1741398205977,
    "dari": "628812247676@s.whatsapp.net",
    "nama": "aulll",
    "penerima": "6282225104132@s.whatsapp.net",
    "pesan": " OVAL BAU TAI",
    "mediaUrl": "",
    "mime": "",
    "balasan": [],
    "status": false
  },
  "1741398214376": {
    "id": 1741398214376,
    "dari": "628812247676@s.whatsapp.net",
    "nama": "aulll",
    "penerima": "6282225104132@s.whatsapp.net",
    "pesan": " OVAL \nBAU\n TAI",
    "mediaUrl": "",
    "mime": "",
    "balasan": [],
    "status": false
  },
  "1741398219844": {
    "id": 1741398219844,
    "dari": "628812247676@s.whatsapp.net",
    "nama": "aulll",
    "penerima": "6282225104132@s.whatsapp.net",
    "pesan": " *OVAL BAU TAI*",
    "mediaUrl": "",
    "mime": "",
    "balasan": [],
    "status": false
  },
  "1741398225187": {
    "id": 1741398225187,
    "dari": "628812247676@s.whatsapp.net",
    "nama": "aulll",
    "penerima": "6282225104132@s.whatsapp.net",
    "pesan": " zOVAL BAU TAI*",
    "mediaUrl": "",
    "mime": "",
    "balasan": [],
    "status": false
  },
  "1741398231226": {
    "id": 1741398231226,
    "dari": "628812247676@s.whatsapp.net",
    "nama": "aulll",
    "penerima": "6282225104132@s.whatsapp.net",
    "pesan": " *OVAL BAU TAI*",
    "mediaUrl": "",
    "mime": "",
    "balasan": [],
    "status": false
  },
  "1741398245733": {
    "id": 1741398245733,
    "dari": "628812247676@s.whatsapp.net",
    "nama": "aulll",
    "penerima": "6282225104132@s.whatsapp.net",
    "pesan": " wa.me/settings",
    "mediaUrl": "",
    "mime": "",
    "balasan": [],
    "status": false
  },
  "1741398268526": {
    "id": 1741398268526,
    "dari": "628812247676@s.whatsapp.net",
    "nama": "aulll",
    "penerima": "6282225104132@s.whatsapp.net",
    "pesan": " _sending bug ■■■■_",
    "mediaUrl": "",
    "mime": "",
    "balasan": [],
    "status": false
  },
  "1741398272808": {
    "id": 1741398272808,
    "dari": "628812247676@s.whatsapp.net",
    "nama": "aulll",
    "penerima": "6282225104132@s.whatsapp.net",
    "pesan": " _sending bug ■■■■_",
    "mediaUrl": "",
    "mime": "",
    "balasan": [],
    "status": false
  },
  "1741398276575": {
    "id": 1741398276575,
    "dari": "628812247676@s.whatsapp.net",
    "nama": "aulll",
    "penerima": "6282225104132@s.whatsapp.net",
    "pesan": " _sending bug ■■■■_",
    "mediaUrl": "",
    "mime": "",
    "balasan": [],
    "status": false
  },
  "1741398279761": {
    "id": 1741398279761,
    "dari": "628812247676@s.whatsapp.net",
    "nama": "aulll",
    "penerima": "6282225104132@s.whatsapp.net",
    "pesan": " _sending bug ■■■■_",
    "mediaUrl": "",
    "mime": "",
    "balasan": [],
    "status": false
  },
  "1741398281350": {
    "id": 1741398281350,
    "dari": "628812247676@s.whatsapp.net",
    "nama": "aulll",
    "penerima": "6282225104132@s.whatsapp.net",
    "pesan": " _sending bug ■■■■_",
    "mediaUrl": "",
    "mime": "",
    "balasan": [],
    "status": false
  },
  "1741398286277": {
    "id": 1741398286277,
    "dari": "628812247676@s.whatsapp.net",
    "nama": "aulll",
    "penerima": "6282225104132@s.whatsapp.net",
    "pesan": " _sending bug ■■■■_",
    "mediaUrl": "",
    "mime": "",
    "balasan": [],
    "status": false
  },
  "1741398290808": {
    "id": 1741398290808,
    "dari": "628812247676@s.whatsapp.net",
    "nama": "aulll",
    "penerima": "6282225104132@s.whatsapp.net",
    "pesan": " _sending bug ■■■■_",
    "mediaUrl": "",
    "mime": "",
    "balasan": [],
    "status": false
  },
  "1741398298412": {
    "id": 1741398298412,
    "dari": "628812247676@s.whatsapp.net",
    "nama": "aulll",
    "penerima": "6282225104132@s.whatsapp.net",
    "pesan": " _sending bug ■■■■_",
    "mediaUrl": "",
    "mime": "",
    "balasan": [],
    "status": false
  },
  "1741398306840": {
    "id": 1741398306840,
    "dari": "628812247676@s.whatsapp.net",
    "nama": "aulll",
    "penerima": "6282225104132@s.whatsapp.net",
    "pesan": " _sending bug ■■■■_",
    "mediaUrl": "",
    "mime": "",
    "balasan": [],
    "status": false
  },
  "1741398311429": {
    "id": 1741398311429,
    "dari": "628812247676@s.whatsapp.net",
    "nama": "aulll",
    "penerima": "6282225104132@s.whatsapp.net",
    "pesan": " _sending bug ■■■■_",
    "mediaUrl": "",
    "mime": "",
    "balasan": [],
    "status": false
  },
  "1741398317139": {
    "id": 1741398317139,
    "dari": "628812247676@s.whatsapp.net",
    "nama": "aulll",
    "penerima": "6282225104132@s.whatsapp.net",
    "pesan": " _sending bug ■■■■_",
    "mediaUrl": "",
    "mime": "",
    "balasan": [],
    "status": false
  },
  "1741398406048": {
    "id": 1741398406048,
    "dari": "628812247676@s.whatsapp.net",
    "nama": "aulll",
    "penerima": "6282225104132@s.whatsapp.net",
    "pesan": " _sending bug ■■■■_",
    "mediaUrl": "",
    "mime": "",
    "balasan": [],
    "status": false
  },
  "1741398411292": {
    "id": 1741398411292,
    "dari": "628812247676@s.whatsapp.net",
    "nama": "aulll",
    "penerima": "6282225104132@s.whatsapp.net",
    "pesan": " _sending bug ■■■■_",
    "mediaUrl": "",
    "mime": "",
    "balasan": [],
    "status": false
  },
  "1741491200625": {
    "id": 1741491200625,
    "dari": "6283869844521@s.whatsapp.net",
    "nama": "Tim Cobra",
    "penerima": "6285217704659@s.whatsapp.net",
    "pesan": "Tolong Sadari kesalahan anda dan member anda karena sudah merugikan banyak orang jika tidak kami akan segera bertindak lebih jauh",
    "mediaUrl": "",
    "mime": "",
    "balasan": "Ini bot ya🗿",
    "status": true
  },
  "1741491597932": {
    "id": 1741491597932,
    "dari": "6283869844521@s.whatsapp.net",
    "nama": "Tim Cobra",
    "penerima": "6285217704659@s.whatsapp.net",
    "pesan": "Tolong Sadari kesalahan anda dan member anda karena sudah merugikan banyak orang jika tidak kami akan segera bertindak lebih jauh",
    "mediaUrl": "",
    "mime": "",
    "balasan": "Ha?🤨",
    "status": true
  },
  "1741491633152": {
    "id": 1741491633152,
    "dari": "6283869844521@s.whatsapp.net",
    "nama": "Tim Cobra",
    "penerima": "6285217704659@s.whatsapp.net",
    "pesan": "Tolong bubarkan grup anda segera",
    "mediaUrl": "",
    "mime": "",
    "balasan": "🗿",
    "status": true
  },
  "1741513096788": {
    "id": 1741513096788,
    "dari": "628812247676@s.whatsapp.net",
    "nama": "aulll",
    "penerima": "6287856079086@s.whatsapp.net",
    "pesan": " sayang",
    "mediaUrl": "",
    "mime": "",
    "balasan": "sia aul njirrr",
    "status": true
  },
  "1741661240025": {
    "id": 1741661240025,
    "dari": "6287869936384@s.whatsapp.net",
    "nama": "ngetes doang",
    "penerima": "6287784683736@s.whatsapp.net",
    "pesan": "haii zakii , gimana harii inii good or bad ?? , ohh iyaa gw mau ngomong sesuatu sama lu , tpi moga aja lu ga risih yaa kii . . . jdii gw *selama ini tu punya perasaan sama luu ,* yapss luu ga salah baca . . . niat ku kali inii mau conves sama lu biar kmu tau klo gw tu suka sama lu ,kalo lu risih atau gimana² sama gw bilang yaa? biar nnti aku bisa move on dri luu , kalau ditanya gw suka dari kapan yaa udah lamaa bahkan sebelum gw tau lu suka sama gw dlu, gw udaa suka sama lu tapi gw berusaha hilangin rasa gw keelu karna seseorang, lu tau gaa?? selama lu ngilang juga gw selalu nungguin elu dan sekarang lu balik akhirnya gw seneng bangett . . .gw ngga bermaksud ngajak lu pacaran , lagian gw juga tau lu lagi deket sama seseorang hehe, gatau sih lu uda pacaran atau kaga yang pasti semoga lu bahagia yaaa sama pilihan lu!!cuma gw pngn lu tau kalo gw tu suka sama lu kii , , ,dari dlu gw pendem, kalau begini lega juga jadinya. makasii udh mau baca dan ngertiin ini smpe akhir yaa",
    "mediaUrl": "",
    "mime": "",
    "balasan": "",
    "status": true
  },
  "1741661435924": {
    "id": 1741661435924,
    "dari": "6287869936384@s.whatsapp.net",
    "nama": "pe",
    "penerima": "6287784683736@s.whatsapp.net",
    "pesan": "p",
    "mediaUrl": "",
    "mime": "",
    "balasan": "p",
    "status": true
  }
}