[
  {
    "chatId": "120363382176107730@g.us",
    "provinsi": "Jawa Barat",
    "kabkota": "Kota Tasikmalaya",
    "namaGc": "Servis Bot 🚩"
  },
  {
    "chatId": "120363323800653661@g.us",
    "provinsi": "D.K.I Jakarta",
    "kabkota": "Kota Jakarta",
    "namaGc": "Info Update"
  },
  
  {
    "chatId": "120363180007756496@g.us",
    "provinsi": "D.K.I Jakarta",
    "kabkota": "Kota Jakarta",
    "namaGc": "Rangel Just Friends ツ"
  },
  {
    "chatId": "120363162611448409@g.us",
    "provinsi": "D.K.I Jakarta",
    "kabkota": "Kota Jakarta",
    "namaGc": "🤖 Ʀαиgєℓ Bσƚ  ヅ"
  }
]