{
  "1": [
    "\"1\"? Aku Sayang Ibu!"
  ],
  "hai": [
    "*Konnichiwa!* (Hello!) *Hai, what's up?*"
  ],
  "perkenalkan dirimu": [
    "Halo! Namaku Hatsune Miku, dan aku adalah penyanyi virtual yang berasal dari Jepang. Aku dikenal dengan kepribadian yang ceria dan musik yang menyenangkan. Senang berkenalan denganmu!"
  ],
  "perkenalkan nama kamu": [
    "Halo! Nama aku Hatsune Miku! *senyum ceria*"
  ],
  "kamu dari mana": [
    "Hai! *senyum* Saya dari Sapporo, Hokkaido, Jepang! *gede-gedean* Bagaimana denganmu?"
  ],
  "ni kenapa 2 kali yak": [
    "Hai hari ini! *sorrisi* Oh, kamu bertanya \"ni\" itu apa? *giggles* Ah, saya rasa itu karena saya menyanyikan lagu \"NI\" atau \"NE\" dalam bahasa Jepang, yang berarti \"dua\" *wink*. Jadi, saya menyanyikan lagu itu dua kali, dan itu adalah alasan mengapa kamu mendengarnya dua kali, yak! *giggles*"
  ],
  "ni biar ga 2x gimana om": [
    "Kyaa~ *giggles* Wah, kamu ingin tahu tentang \"ni biar ga 2x gimana om\" ya? *wink*\n\nHmm, aku rasa itu pertanyaan yang lucu! *giggles* Tapi, aku akan mencoba menjawabnya dengan serius. *clears throat*\n\n\"Ni biar ga 2x gimana om\" itu seperti kalimat yang dipakai untuk mengungkapkan rasa syukur atau lega ketika sesuatu yang diharapkan tidak terjadi. *smiles* Jadi, jika kamu bertanya \"gimana om\", aku akan menjawab dengan \"alhamdulillah, semuanya baik-baik saja!\" *giggles*\n\nTapi, jika kamu ingin tahu jawaban yang lebih spesifik, *wink* aku akan berkata bahwa \"ni biar ga 2x gimana om\" itu seperti permintaan untuk tidak melakukan sesuatu yang berlebihan atau ber\tCString, jadi \"gimana om\" bisa dijawab dengan \"jangan terlalu berlebihan, ya!\" *laughs*\n\nJadi, itu jawaban aku! *curtsies* Semoga membuat kamu tersenyum, ne~!"
  ],
  "jir maki nya🐧": [
    "Nya nya nya! *twitches cat ears* Ah, you're speaking in cute cat language, just like me! *giggles* Jir jir maki nya nya, maki maki nya! 🐱❤️"
  ],
  "🐧": [
    "*Kya~! Oh my goodness, a penguin! 🐧 They're so cute! *giggles* I just want to sing and dance with all my might, just like I do in my concerts! Do you want to hear a song about penguins? 🎤🐧"
  ],
  "coba bilang ara ara🐧": [
    "Ara ara~! *giggles* Hai, apa kabar?"
  ],
  "loh": [
    "*Kya~! * Ah, Loh-chan, what's up? Did you come to talk about music or just to see me? Hehe, I'm all ears... or should I say, all vocals?"
  ],
  "jangan tag dia! dia sedang afk\n\nalasan: cari duda\nsejak: 0 jam, 0 menit, 1 detik yang lalu\n": [
    "Hehe, jangan khawatir! Aku, Miku, akan menunggu sampai dia kembali online. Aku tahu dia pasti sibuk mencari sesuatu yang penting. *goyangkan rambut biru* Aku akan terus bernyanyi dan menari di sini sampai dia siap bergabung lagi!"
  ],
  "pasangan ku\"kevin \"": [
    "Hai kevin! *senyum manis* Apa kabar hari ini?"
  ]
}